Make,Model,Year,Trim,Frunk_Volume_cuft,Frunk_Volume_L,Cargo_3rd_cuft,Cargo_3rd_L,Cargo_2nd_cuft,Cargo_2nd_L,Fold_Flat,Floor_Width_in,Floor_Width_cm,Source_URLs,Confidence,Notes
Kia,EV9,2024,Wind,1.8,51.0,20.2,572.0,43.5,1231.8,Yes,41.5,105.4,"https://www.kiamedia.com/us/en/models/ev9/2026/specifications, https://www.reddit.com/r/KiaEV9/comments/1f8v86i/boot_dimensions/",Medium,Width from owner-measured Reddit post (inside wheel arches); treat as approximate.
Kia,EV9,2024,Land,1.8,51.0,20.2,572.0,43.5,1231.8,Partial,41.5,105.4,"https://www.kiamedia.com/us/en/models/ev9/2026/specifications, https://www.reddit.com/r/KiaEV9/comments/1f8v86i/boot_dimensions/",Medium,Width from owner-measured Reddit post (inside wheel arches); treat as approximate. Fold-flat surface has a center gap in 6-seat captain-chair layouts.
Kia,EV9,2024,GT-Line,1.8,51.0,20.2,572.0,43.5,1231.8,Partial,41.5,105.4,"https://www.kiamedia.com/us/en/models/ev9/2026/specifications, https://www.reddit.com/r/KiaEV9/comments/1f8v86i/boot_dimensions/",Medium,Width from owner-measured Reddit post (inside wheel arches); treat as approximate. Fold-flat surface has a center gap in 6-seat captain-chair layouts.
Kia,EV9,2025,Wind,1.8,51.0,20.2,572.0,43.5,1231.8,Yes,41.5,105.4,"https://www.kiamedia.com/us/en/models/ev9/2026/specifications, https://www.reddit.com/r/KiaEV9/comments/1f8v86i/boot_dimensions/",Medium,Width from owner-measured Reddit post (inside wheel arches); treat as approximate.
Kia,EV9,2025,Land,1.8,51.0,20.2,572.0,43.5,1231.8,Partial,41.5,105.4,"https://www.kiamedia.com/us/en/models/ev9/2026/specifications, https://www.reddit.com/r/KiaEV9/comments/1f8v86i/boot_dimensions/",Medium,Width from owner-measured Reddit post (inside wheel arches); treat as approximate. Fold-flat surface has a center gap in 6-seat captain-chair layouts.
Kia,EV9,2025,GT-Line,1.8,51.0,20.2,572.0,43.5,1231.8,Partial,41.5,105.4,"https://www.kiamedia.com/us/en/models/ev9/2026/specifications, https://www.reddit.com/r/KiaEV9/comments/1f8v86i/boot_dimensions/",Medium,Width from owner-measured Reddit post (inside wheel arches); treat as approximate. Fold-flat surface has a center gap in 6-seat captain-chair layouts.
Kia,EV9,2026,Wind,1.8,51.0,20.2,572.0,43.5,1231.8,Yes,41.5,105.4,"https://www.kiamedia.com/us/en/models/ev9/2026/specifications, https://www.reddit.com/r/KiaEV9/comments/1f8v86i/boot_dimensions/",Medium,Width from owner-measured Reddit post (inside wheel arches); treat as approximate.
Kia,EV9,2026,Land,1.8,51.0,20.2,572.0,43.5,1231.8,Partial,41.5,105.4,"https://www.kiamedia.com/us/en/models/ev9/2026/specifications, https://www.reddit.com/r/KiaEV9/comments/1f8v86i/boot_dimensions/",Medium,Width from owner-measured Reddit post (inside wheel arches); treat as approximate. Fold-flat surface has a center gap in 6-seat captain-chair layouts.
Kia,EV9,2026,GT-Line,1.8,51.0,20.2,572.0,43.5,1231.8,Partial,41.5,105.4,"https://www.kiamedia.com/us/en/models/ev9/2026/specifications, https://www.reddit.com/r/KiaEV9/comments/1f8v86i/boot_dimensions/",Medium,Width from owner-measured Reddit post (inside wheel arches); treat as approximate. Fold-flat surface has a center gap in 6-seat captain-chair layouts.
Kia,EV9,2024,Land (6-seat),1.8,51.0,20.2,572.0,43.5,1231.8,Partial,41.5,105.4,"https://www.kiamedia.com/us/en/models/ev9/2026/specifications, https://www.reddit.com/r/KiaEV9/comments/1f8v86i/boot_dimensions/",Medium,Width from owner-measured Reddit post (inside wheel arches); treat as approximate. Fold-flat surface has a center gap in 6-seat captain-chair layouts.
Kia,EV9,2024,GT-Line (6-seat),1.8,51.0,20.2,572.0,43.5,1231.8,Partial,41.5,105.4,"https://www.kiamedia.com/us/en/models/ev9/2026/specifications, https://www.reddit.com/r/KiaEV9/comments/1f8v86i/boot_dimensions/",Medium,Width from owner-measured Reddit post (inside wheel arches); treat as approximate. Fold-flat surface has a center gap in 6-seat captain-chair layouts.
Kia,EV9,2025,Land (6-seat),1.8,51.0,20.2,572.0,43.5,1231.8,Partial,41.5,105.4,"https://www.kiamedia.com/us/en/models/ev9/2026/specifications, https://www.reddit.com/r/KiaEV9/comments/1f8v86i/boot_dimensions/",Medium,Width from owner-measured Reddit post (inside wheel arches); treat as approximate. Fold-flat surface has a center gap in 6-seat captain-chair layouts.
Kia,EV9,2025,GT-Line (6-seat),1.8,51.0,20.2,572.0,43.5,1231.8,Partial,41.5,105.4,"https://www.kiamedia.com/us/en/models/ev9/2026/specifications, https://www.reddit.com/r/KiaEV9/comments/1f8v86i/boot_dimensions/",Medium,Width from owner-measured Reddit post (inside wheel arches); treat as approximate. Fold-flat surface has a center gap in 6-seat captain-chair layouts.
Kia,EV9,2026,Land (6-seat),1.8,51.0,20.2,572.0,43.5,1231.8,Partial,41.5,105.4,"https://www.kiamedia.com/us/en/models/ev9/2026/specifications, https://www.reddit.com/r/KiaEV9/comments/1f8v86i/boot_dimensions/",Medium,Width from owner-measured Reddit post (inside wheel arches); treat as approximate. Fold-flat surface has a center gap in 6-seat captain-chair layouts.
Kia,EV9,2026,GT-Line (6-seat),1.8,51.0,20.2,572.0,43.5,1231.8,Partial,41.5,105.4,"https://www.kiamedia.com/us/en/models/ev9/2026/specifications, https://www.reddit.com/r/KiaEV9/comments/1f8v86i/boot_dimensions/",Medium,Width from owner-measured Reddit post (inside wheel arches); treat as approximate. Fold-flat surface has a center gap in 6-seat captain-chair layouts.
Hyundai,IONIQ 9,2026,Long-Range AWD,1.8,51.0,21.9,620.1,46.7,1322.4,Yes,41.0,104.1,"https://www.potamkinhyundai.com/hyundai-ioniq-9-release-date.htm, https://www.caranddriver.com/hyundai/ioniq-9/specs, https://www.reddit.com/r/Ioniq9/comments/1mn808l/automatic_p_when_turning_off_the_engine_does_it/",Medium,Width from owner-measured Reddit post; treat as approximate.
Hyundai,IONIQ 9,2026,Performance AWD,1.8,51.0,21.9,620.1,46.7,1322.4,Yes,41.0,104.1,"https://www.potamkinhyundai.com/hyundai-ioniq-9-release-date.htm, https://www.caranddriver.com/hyundai/ioniq-9/specs, https://www.reddit.com/r/Ioniq9/comments/1mn808l/automatic_p_when_turning_off_the_engine_does_it/",Medium,Width from owner-measured Reddit post; treat as approximate.
Hyundai,IONIQ 9,2026,SE AWD,1.8,51.0,21.9,620.1,46.7,1322.4,Yes,41.0,104.1,"https://www.potamkinhyundai.com/hyundai-ioniq-9-release-date.htm, https://www.caranddriver.com/hyundai/ioniq-9/specs, https://www.reddit.com/r/Ioniq9/comments/1mn808l/automatic_p_when_turning_off_the_engine_does_it/",Medium,Width from owner-measured Reddit post; treat as approximate.
Hyundai,IONIQ 9,2026,Limited AWD,1.8,51.0,21.9,620.1,46.7,1322.4,Yes,41.0,104.1,"https://www.potamkinhyundai.com/hyundai-ioniq-9-release-date.htm, https://www.caranddriver.com/hyundai/ioniq-9/specs, https://www.reddit.com/r/Ioniq9/comments/1mn808l/automatic_p_when_turning_off_the_engine_does_it/",Medium,Width from owner-measured Reddit post; treat as approximate.
Hyundai,IONIQ 9,2026,Calligraphy AWD,1.8,51.0,21.9,620.1,46.7,1322.4,Yes,41.0,104.1,"https://www.potamkinhyundai.com/hyundai-ioniq-9-release-date.htm, https://www.caranddriver.com/hyundai/ioniq-9/specs, https://www.reddit.com/r/Ioniq9/comments/1mn808l/automatic_p_when_turning_off_the_engine_does_it/",Medium,Width from owner-measured Reddit post; treat as approximate.
Volvo,EX90,2025,Twin Motor Plus 7-Seater,0.2,5.7,11.0,311.5,25.0,707.9,Yes,44.5,113.0,https://www.volvocars.com/us/cars/ex90-electric/specifications/,High,
Volvo,EX90,2025,Twin Motor Plus 6-Seater,0.2,5.7,11.0,311.5,24.0,679.6,Yes,44.5,113.0,https://www.volvocars.com/us/cars/ex90-electric/specifications/,High,
Volvo,EX90,2025,Twin Motor Ultra 7-Seater,0.2,5.7,11.0,311.5,25.0,707.9,Yes,44.5,113.0,https://www.volvocars.com/us/cars/ex90-electric/specifications/,High,
Volvo,EX90,2025,Twin Motor Ultra 6-Seater,0.2,5.7,11.0,311.5,24.0,679.6,Yes,44.5,113.0,https://www.volvocars.com/us/cars/ex90-electric/specifications/,High,
Volvo,EX90,2026,Twin Motor Plus 7-Seater,0.2,5.7,11.0,311.5,25.0,707.9,Yes,44.5,113.0,https://www.volvocars.com/us/cars/ex90-electric/specifications/,High,
Volvo,EX90,2026,Twin Motor Plus 6-Seater,0.2,5.7,11.0,311.5,24.0,679.6,Yes,44.5,113.0,https://www.volvocars.com/us/cars/ex90-electric/specifications/,High,
Volvo,EX90,2026,Twin Motor Ultra 7-Seater,0.2,5.7,11.0,311.5,25.0,707.9,Yes,44.5,113.0,https://www.volvocars.com/us/cars/ex90-electric/specifications/,High,
Volvo,EX90,2026,Twin Motor Ultra 6-Seater,0.2,5.7,11.0,311.5,24.0,679.6,Yes,44.5,113.0,https://www.volvocars.com/us/cars/ex90-electric/specifications/,High,
Volvo,EX90,2026,Twin Motor Performance Ultra 7-Seater,0.2,5.7,11.0,311.5,25.0,707.9,Yes,44.5,113.0,https://www.volvocars.com/us/cars/ex90-electric/specifications/,High,
Volvo,EX90,2026,Twin Motor Performance Ultra 6-Seater,0.2,5.7,11.0,311.5,24.0,679.6,Yes,44.5,113.0,https://www.volvocars.com/us/cars/ex90-electric/specifications/,High,
Rivian,R1S,2025,Adventure Dual Standard,11.1,314.3,17.7,501.2,46.7,1322.4,Yes,51.1,129.8,"https://www.thecarconnection.com/specifications/rivian_r1s_2025, https://www.edmunds.com/car-news/rivian-r1s-cargo-test.html",High,
Rivian,R1S,2025,"Adventure Dual Large (""Dual Long"")",11.1,314.3,17.7,501.2,46.7,1322.4,Yes,51.1,129.8,"https://www.thecarconnection.com/specifications/rivian_r1s_2025, https://www.edmunds.com/car-news/rivian-r1s-cargo-test.html",High,
Rivian,R1S,2025,Adventure Dual Max,11.1,314.3,17.7,501.2,46.7,1322.4,Yes,51.1,129.8,"https://www.thecarconnection.com/specifications/rivian_r1s_2025, https://www.edmunds.com/car-news/rivian-r1s-cargo-test.html",High,
Rivian,R1S,2025,Adventure Tri Max,11.1,314.3,17.7,501.2,46.7,1322.4,Yes,51.1,129.8,"https://www.thecarconnection.com/specifications/rivian_r1s_2025, https://www.edmunds.com/car-news/rivian-r1s-cargo-test.html",High,
Rivian,R1S,2025,Adventure Quad Max,11.1,314.3,17.7,501.2,46.7,1322.4,Yes,51.1,129.8,"https://www.thecarconnection.com/specifications/rivian_r1s_2025, https://www.edmunds.com/car-news/rivian-r1s-cargo-test.html",High,
Rivian,R1S,2025,Adventure Dual Long,11.1,314.3,17.7,501.2,46.7,1322.4,Yes,51.1,129.8,"https://www.thecarconnection.com/specifications/rivian_r1s_2025, https://www.edmunds.com/car-news/rivian-r1s-cargo-test.html",High,
Rivian,R1S,2026,Adventure Dual Standard,11.1,314.3,17.7,501.2,46.7,1322.4,Yes,51.1,129.8,"https://www.thecarconnection.com/specifications/rivian_r1s_2025, https://www.edmunds.com/car-news/rivian-r1s-cargo-test.html",High,
Rivian,R1S,2026,Adventure Dual Max,11.1,314.3,17.7,501.2,46.7,1322.4,Yes,51.1,129.8,"https://www.thecarconnection.com/specifications/rivian_r1s_2025, https://www.edmunds.com/car-news/rivian-r1s-cargo-test.html",High,
Rivian,R1S,2026,Adventure Tri Max,11.1,314.3,17.7,501.2,46.7,1322.4,Yes,51.1,129.8,"https://www.thecarconnection.com/specifications/rivian_r1s_2025, https://www.edmunds.com/car-news/rivian-r1s-cargo-test.html",High,
Rivian,R1S,2026,Adventure Quad Max,11.1,314.3,17.7,501.2,46.7,1322.4,Yes,51.1,129.8,"https://www.thecarconnection.com/specifications/rivian_r1s_2025, https://www.edmunds.com/car-news/rivian-r1s-cargo-test.html",High,
Rivian,R1S,2026,Adventure Max Battery,11.1,314.3,17.7,501.2,46.7,1322.4,Yes,51.1,129.8,"https://www.thecarconnection.com/specifications/rivian_r1s_2025, https://www.edmunds.com/car-news/rivian-r1s-cargo-test.html",High,
Tesla,Model X,2026,Model X (5-seat),6.5,184.1,N/A,N/A,39.2,1110.0,Yes,39.0,99.1,"https://www.tesla.com/ownersmanual/modelx/en_us/GUID-91E5877F-3CD2-4B3B-B2B8-B5DB4A6C0A05.html, https://www.reddit.com/r/teslamotors/comments/7047ed/tesla_x_questions/",Medium,Width from owner-measured Reddit post; treat as approximate. No third row in this seating configuration; cargo behind 3rd row is not applicable.
Tesla,Model X,2026,Model X + 6-seat interior option,6.5,184.1,14.8,419.1,35.2,996.0,No,39.0,99.1,"https://www.tesla.com/ownersmanual/modelx/en_us/GUID-91E5877F-3CD2-4B3B-B2B8-B5DB4A6C0A05.html, https://www.reddit.com/r/teslamotors/comments/7047ed/tesla_x_questions/",Medium,Width from owner-measured Reddit post; treat as approximate. Second-row captain’s chairs do not fold flat in this configuration.
Tesla,Model X,2026,Model X Plaid (5-seat),6.5,184.1,N/A,N/A,39.2,1110.0,Yes,39.0,99.1,"https://www.tesla.com/ownersmanual/modelx/en_us/GUID-91E5877F-3CD2-4B3B-B2B8-B5DB4A6C0A05.html, https://www.reddit.com/r/teslamotors/comments/7047ed/tesla_x_questions/",Medium,Width from owner-measured Reddit post; treat as approximate. No third row in this seating configuration; cargo behind 3rd row is not applicable.
Tesla,Model X,2026,Model X Plaid + 6-seat interior option,6.5,184.1,14.8,419.1,35.2,996.0,No,39.0,99.1,"https://www.tesla.com/ownersmanual/modelx/en_us/GUID-91E5877F-3CD2-4B3B-B2B8-B5DB4A6C0A05.html, https://www.reddit.com/r/teslamotors/comments/7047ed/tesla_x_questions/",Medium,Width from owner-measured Reddit post; treat as approximate. Second-row captain’s chairs do not fold flat in this configuration.
Tesla,Model X,2025,Model X Standard (5-seat),6.5,184.1,N/A,N/A,39.2,1110.0,Yes,39.0,99.1,"https://www.tesla.com/ownersmanual/modelx/en_us/GUID-91E5877F-3CD2-4B3B-B2B8-B5DB4A6C0A05.html, https://www.reddit.com/r/teslamotors/comments/7047ed/tesla_x_questions/",Medium,Width from owner-measured Reddit post; treat as approximate. No third row in this seating configuration; cargo behind 3rd row is not applicable.
Tesla,Model X,2025,Model X Standard + 6-seat interior option,6.5,184.1,14.8,419.1,35.2,996.0,No,39.0,99.1,"https://www.tesla.com/ownersmanual/modelx/en_us/GUID-91E5877F-3CD2-4B3B-B2B8-B5DB4A6C0A05.html, https://www.reddit.com/r/teslamotors/comments/7047ed/tesla_x_questions/",Medium,Width from owner-measured Reddit post; treat as approximate. Second-row captain’s chairs do not fold flat in this configuration.
Tesla,Model X,2025,Model X Plaid (5-seat),6.5,184.1,N/A,N/A,39.2,1110.0,Yes,39.0,99.1,"https://www.tesla.com/ownersmanual/modelx/en_us/GUID-91E5877F-3CD2-4B3B-B2B8-B5DB4A6C0A05.html, https://www.reddit.com/r/teslamotors/comments/7047ed/tesla_x_questions/",Medium,Width from owner-measured Reddit post; treat as approximate. No third row in this seating configuration; cargo behind 3rd row is not applicable.
Tesla,Model X,2025,Model X Plaid + 6-seat interior option,6.5,184.1,14.8,419.1,35.2,996.0,No,39.0,99.1,"https://www.tesla.com/ownersmanual/modelx/en_us/GUID-91E5877F-3CD2-4B3B-B2B8-B5DB4A6C0A05.html, https://www.reddit.com/r/teslamotors/comments/7047ed/tesla_x_questions/",Medium,Width from owner-measured Reddit post; treat as approximate. Second-row captain’s chairs do not fold flat in this configuration.
Tesla,Model X,2024,Long Range,6.5,184.1,N/A,N/A,39.2,1110.0,Yes,39.0,99.1,"https://www.tesla.com/ownersmanual/modelx/en_us/GUID-91E5877F-3CD2-4B3B-B2B8-B5DB4A6C0A05.html, https://www.reddit.com/r/teslamotors/comments/7047ed/tesla_x_questions/",Medium,Width from owner-measured Reddit post; treat as approximate. No third row in this seating configuration; cargo behind 3rd row is not applicable.
Tesla,Model X,2024,Plaid,6.5,184.1,N/A,N/A,39.2,1110.0,Yes,39.0,99.1,"https://www.tesla.com/ownersmanual/modelx/en_us/GUID-91E5877F-3CD2-4B3B-B2B8-B5DB4A6C0A05.html, https://www.reddit.com/r/teslamotors/comments/7047ed/tesla_x_questions/",Medium,Width from owner-measured Reddit post; treat as approximate. No third row in this seating configuration; cargo behind 3rd row is not applicable.
Tesla,Model X,2023,Base,6.5,184.1,N/A,N/A,39.2,1110.0,Yes,39.0,99.1,"https://www.tesla.com/ownersmanual/modelx/en_us/GUID-91E5877F-3CD2-4B3B-B2B8-B5DB4A6C0A05.html, https://www.reddit.com/r/teslamotors/comments/7047ed/tesla_x_questions/",Medium,Width from owner-measured Reddit post; treat as approximate. No third row in this seating configuration; cargo behind 3rd row is not applicable.
Tesla,Model X,2023,Plaid,6.5,184.1,N/A,N/A,39.2,1110.0,Yes,39.0,99.1,"https://www.tesla.com/ownersmanual/modelx/en_us/GUID-91E5877F-3CD2-4B3B-B2B8-B5DB4A6C0A05.html, https://www.reddit.com/r/teslamotors/comments/7047ed/tesla_x_questions/",Medium,Width from owner-measured Reddit post; treat as approximate. No third row in this seating configuration; cargo behind 3rd row is not applicable.
Tesla,Model Y Long (Asia),2026,Premium AWD (Asia-market Model Y L),4.1,116.1,14.8,419.1,38.0,1076.0,Partial,TBD,TBD,https://www.tesla.com/ownersmanual/modely/en_cn/GUID-1E76B638-7B12-4D9A-8767-94B7F1E92A0E.html,Low,Cargo floor width between wheel wells not published by Tesla; no credible measured source located. Fold-flat surface has a center gap in 6-seat captain-chair layouts.
Lucid,Gravity,2026,Touring,8.0,226.5,N/A,N/A,25.0,707.9,Yes,41.0,104.1,"https://media.lucidmotors.com/attachment/d0010342-f57a-4ded-bab4-17f5e3f28d74, https://www.reddit.com/r/Gravity/comments/1hzchs9/lucid_gravity_measurements_of_useable_space/",Medium,Width from owner-measured Reddit post; treat as approximate. No third row in this seating configuration; cargo behind 3rd row is not applicable.
Lucid,Gravity,2026,Grand Touring,8.0,226.5,N/A,N/A,25.0,707.9,Yes,41.0,104.1,"https://media.lucidmotors.com/attachment/d0010342-f57a-4ded-bab4-17f5e3f28d74, https://www.reddit.com/r/Gravity/comments/1hzchs9/lucid_gravity_measurements_of_useable_space/",Medium,Width from owner-measured Reddit post; treat as approximate. No third row in this seating configuration; cargo behind 3rd row is not applicable.
Volkswagen,ID. Buzz,2025,Pro S Plus with 4MOTION,TBD,TBD,18.6,526.7,75.5,2137.9,Partial,48.4,122.9,"https://media.vw.com/press-kits/2025-id-buzz-press-kit, https://media.vw.com/releases/1705, https://www.edmunds.com/car-news/volkswagen-id-buzz-cargo-test.html",Low,Some VW sources were captured from the existing master; verify against VW official technical data for your market. VW and Edmunds publish rear cargo metrics; no clearly published front-trunk (frunk) volume found for ID. Buzz passenger trims. Fold-flat behavior depends on cargo-floor/Flexboard configuration.
Volkswagen,ID. Buzz,2025,1st Edition with 4MOTION,TBD,TBD,18.6,526.7,75.5,2137.9,Partial,48.4,122.9,"https://media.vw.com/press-kits/2025-id-buzz-press-kit, https://media.vw.com/releases/1705, https://www.edmunds.com/car-news/volkswagen-id-buzz-cargo-test.html",Low,Some VW sources were captured from the existing master; verify against VW official technical data for your market. VW and Edmunds publish rear cargo metrics; no clearly published front-trunk (frunk) volume found for ID. Buzz passenger trims. Fold-flat behavior depends on cargo-floor/Flexboard configuration.
