"Name, Year, Trim",Vehicle Name,Model Year,Trim,Performance Variant,Seat Configuration,Seat Option Detail,Seats,Drivetrain,MSRP ($),Destination ($),"Est. OTD Price
$NEW$","Est. Pre-Owned Range ""MSRP""","Est. OTD Price
$PRE-OWNED$",Self Driving,EPA/Est Range (mi),Horse power (hp),Battery (kWh),Onboard AC (kW),L2 10–100h (source),L2 10–80% (hrs.),Charging Type,Car Software,Main Display,Additional Displays/HUD,Audio,Driver Profiles,Frunk Volume (cu ft),Frunk Volume (L),Cargo Behind 3rd Row (cu ft),Cargo Behind 3rd Row (L),Cargo Behind 2nd Row (cu ft),Cargo Behind 2nd Row (L),Fold Flat,Cargo Floor Width Between Wheel Wells (in),Cargo Floor Width Between Wheel Wells (cm),Sources,Notes,Cargo Sources,Cargo Confidence,Cargo Notes
"Tesla Model X, 2026, Model X Plaid (5-seat) + 7-seat interior option",Tesla Model X,2026,Model X Plaid (5-seat) + 7-seat interior option,Plaid,7-seat,7-seat interior option,7.0,AWD,110130.0,0.0,117642.8,"$100,000 - $125,000","$106,905 - $133,405",Tesla Autopilot / Full Self-Driving (optional),335,1020,100,11.5,10.8,6.8,NACS,Tesla OS (no native CarPlay/Android Auto),"17"" center touchscreen (reported)",Driver display + rear screen (reported),Premium audio (trim dependent),Driver profiles supported,6.5,183.0,14.8,420.0,36.0,1018.0,Yes,39.0,99.1,https://www.kbb.com/tesla/model-x/2026/specs/ | https://www.caranddriver.com/tesla/model-x-2026/ | https://www.reuters.com/business/autos-transportation/tesla-upgrades-its-model-s-x-cars-us-raises-prices-by-5000-2025-06-13/ | https://insideevs.com/news/559341/tesla-modelx-plaid-only-6seat/ | https://driveteslacanada.ca/model-x/tesla-model-x-plaid-6-seat-configuration-increasing-base-price/,"nan MSRP for 7-seat row estimated as 5-seat MSRP + $3,500 (seat-option pricing varies by time/market). Note: Model X Plaid seating availability has changed over time; multiple sources report Plaid is/was 6-seat-only in some periods.","https://www.tesla.com/ownersmanual/modelx/en_us/GUID-91E5877F-3CD2-4B3B-B2B8-B5DB4A6C0A05.html, https://www.reddit.com/r/teslamotors/comments/7047ed/tesla_x_questions/",High,Width from owner-measured Reddit post; treat as approximate. No third row in this seating configuration; cargo behind 3rd row is not applicable. 7-seat cargo volumes pulled from Tesla owner manual “Dimensions” table.
"Tesla Model X, 2026, Model X Plaid + 6-seat interior option",Tesla Model X,2026,Model X Plaid + 6-seat interior option,Plaid,6-seat,6-seat interior option,6.0,AWD,113130,0.0,120822.8,"$100,000 - $125,000","$106,905 - $133,405",Tesla Autopilot / Full Self-Driving (optional),335,1020,100,11.5,10.8,6.8,NACS,Tesla OS (no native CarPlay/Android Auto),"17"" center touchscreen (reported)",Driver display + rear screen (reported),Premium audio (trim dependent),Driver profiles supported,6.5,184.1,14.8,419.1,35.2,996.0,No,39.0,99.1,https://www.kbb.com/tesla/model-x/2026/specs/ | https://www.caranddriver.com/tesla/model-x-2026/ | https://www.reuters.com/business/autos-transportation/tesla-upgrades-its-model-s-x-cars-us-raises-prices-by-5000-2025-06-13/,"Adds 6-seat interior option ($6,500).","https://www.tesla.com/ownersmanual/modelx/en_us/GUID-91E5877F-3CD2-4B3B-B2B8-B5DB4A6C0A05.html, https://www.reddit.com/r/teslamotors/comments/7047ed/tesla_x_questions/",Medium,Width from owner-measured Reddit post; treat as approximate. Second-row captain’s chairs do not fold flat in this configuration.
"Tesla Model X, 2026, Model X Plaid (5-seat)",Tesla Model X,2026,Model X Plaid (5-seat),Plaid,5-seat,Standard 5-seat,5.0,AWD,106630,0.0,113932.8,"$100,000 - $125,000","$106,905 - $133,405",Tesla Autopilot / Full Self-Driving (optional),335,1020,100,11.5,10.8,6.8,NACS,Tesla OS (no native CarPlay/Android Auto),"17"" center touchscreen (reported)",Driver display + rear screen (reported),Premium audio (trim dependent),Driver profiles supported,6.5,184.1,,,39.2,1110.0,Yes,39.0,99.1,https://www.kbb.com/tesla/model-x/2026/specs/ | https://www.caranddriver.com/tesla/model-x-2026/ | https://www.reuters.com/business/autos-transportation/tesla-upgrades-its-model-s-x-cars-us-raises-prices-by-5000-2025-06-13/,,"https://www.tesla.com/ownersmanual/modelx/en_us/GUID-91E5877F-3CD2-4B3B-B2B8-B5DB4A6C0A05.html, https://www.reddit.com/r/teslamotors/comments/7047ed/tesla_x_questions/",Medium,Width from owner-measured Reddit post; treat as approximate. No third row in this seating configuration; cargo behind 3rd row is not applicable.
"Tesla Model X, 2026, Model X (5-seat) + 7-seat interior option",Tesla Model X,2026,Model X (5-seat) + 7-seat interior option,Standard / Non-Plaid,7-seat,7-seat interior option,7.0,AWD,95130.0,0.0,101742.8,"$89,000 - $98,000","$95,245 - $104,785",Tesla Autopilot / Full Self-Driving (optional),352,670,100,11.5,12.6,6.8,NACS,Tesla OS (no native CarPlay/Android Auto),"17"" center touchscreen (reported)",Driver display + rear screen (reported),Premium audio (trim dependent),Driver profiles supported,6.5,183.0,14.8,420.0,36.0,1018.0,Yes,39.0,99.1,https://www.kbb.com/tesla/model-x/2026/specs/ | https://www.caranddriver.com/tesla/model-x-2026/ | https://www.reuters.com/business/autos-transportation/tesla-upgrades-its-model-s-x-cars-us-raises-prices-by-5000-2025-06-13/ | https://insideevs.com/news/559341/tesla-modelx-plaid-only-6seat/,"5-seat is typical base; 6-seat interior option priced separately. MSRP for 7-seat row estimated as 5-seat MSRP + $3,500 (seat-option pricing varies by time/market).","https://www.tesla.com/ownersmanual/modelx/en_us/GUID-91E5877F-3CD2-4B3B-B2B8-B5DB4A6C0A05.html, https://www.reddit.com/r/teslamotors/comments/7047ed/tesla_x_questions/",High,Width from owner-measured Reddit post; treat as approximate. No third row in this seating configuration; cargo behind 3rd row is not applicable. 7-seat cargo volumes pulled from Tesla owner manual “Dimensions” table.
"Tesla Model X, 2026, Model X + 6-seat interior option",Tesla Model X,2026,Model X + 6-seat interior option,Standard / Non-Plaid,6-seat,6-seat interior option,6.0,AWD,98130,0.0,104922.8,"$89,000 - $98,000","$95,245 - $104,785",Tesla Autopilot / Full Self-Driving (optional),352,670,100,11.5,12.6,6.8,NACS,Tesla OS (no native CarPlay/Android Auto),"17"" center touchscreen (reported)",Driver display + rear screen (reported),Premium audio (trim dependent),Driver profiles supported,6.5,184.1,14.8,419.1,35.2,996.0,No,39.0,99.1,https://www.kbb.com/tesla/model-x/2026/specs/ | https://www.caranddriver.com/tesla/model-x-2026/ | https://www.reuters.com/business/autos-transportation/tesla-upgrades-its-model-s-x-cars-us-raises-prices-by-5000-2025-06-13/,"Adds 6-seat interior option ($6,500 per C&D).","https://www.tesla.com/ownersmanual/modelx/en_us/GUID-91E5877F-3CD2-4B3B-B2B8-B5DB4A6C0A05.html, https://www.reddit.com/r/teslamotors/comments/7047ed/tesla_x_questions/",Medium,Width from owner-measured Reddit post; treat as approximate. Second-row captain’s chairs do not fold flat in this configuration.
"Tesla Model X, 2026, Model X (5-seat)",Tesla Model X,2026,Model X (5-seat),Standard / Non-Plaid,5-seat,Standard 5-seat,5.0,AWD,91630,0.0,98032.8,"$89,000 - $98,000","$95,245 - $104,785",Tesla Autopilot / Full Self-Driving (optional),352,670,100,11.5,12.6,6.8,NACS,Tesla OS (no native CarPlay/Android Auto),"17"" center touchscreen (reported)",Driver display + rear screen (reported),Premium audio (trim dependent),Driver profiles supported,6.5,184.1,,,39.2,1110.0,Yes,39.0,99.1,https://www.kbb.com/tesla/model-x/2026/specs/ | https://www.caranddriver.com/tesla/model-x-2026/ | https://www.reuters.com/business/autos-transportation/tesla-upgrades-its-model-s-x-cars-us-raises-prices-by-5000-2025-06-13/,5-seat is typical base; 6-seat interior option priced separately.,"https://www.tesla.com/ownersmanual/modelx/en_us/GUID-91E5877F-3CD2-4B3B-B2B8-B5DB4A6C0A05.html, https://www.reddit.com/r/teslamotors/comments/7047ed/tesla_x_questions/",Medium,Width from owner-measured Reddit post; treat as approximate. No third row in this seating configuration; cargo behind 3rd row is not applicable.
"Tesla Model X, 2025, Model X Plaid (5-seat) + 7-seat interior option",Tesla Model X,2025,Model X Plaid (5-seat) + 7-seat interior option,Plaid,7-seat,7-seat interior option,7.0,AWD,105130.0,0.0,112342.8,"$94,494 - $98,988","$101,069 - $105,832",Tesla Autopilot / Full Self-Driving (optional),314,1020,100,11.5,14.0,10.9,NACS,Tesla OS (no native CarPlay/Android Auto),"17"" center touchscreen (reported)",Driver display + rear screen (reported),Premium audio (trim dependent),Driver profiles supported,6.5,183.0,14.8,420.0,36.0,1018.0,Yes,39.0,99.1,https://www.kbb.com/tesla/model-x/2025/specs/ | https://www.caranddriver.com/tesla/model-x-2025 | https://insideevs.com/news/559341/tesla-modelx-plaid-only-6seat/ | https://driveteslacanada.ca/model-x/tesla-model-x-plaid-6-seat-configuration-increasing-base-price/,"Base row; seating options available. MSRP for 7-seat row estimated as 5-seat MSRP + $3,500 (seat-option pricing varies by time/market). Note: Model X Plaid seating availability has changed over time; multiple sources report Plaid is/was 6-seat-only in some periods.","https://www.tesla.com/ownersmanual/modelx/en_us/GUID-91E5877F-3CD2-4B3B-B2B8-B5DB4A6C0A05.html, https://www.reddit.com/r/teslamotors/comments/7047ed/tesla_x_questions/",High,Width from owner-measured Reddit post; treat as approximate. No third row in this seating configuration; cargo behind 3rd row is not applicable. 7-seat cargo volumes pulled from Tesla owner manual “Dimensions” table.
"Tesla Model X, 2025, Model X Plaid + 6-seat interior option",Tesla Model X,2025,Model X Plaid + 6-seat interior option,Plaid,6-seat,6-seat interior option,6.0,AWD,108130,0.0,115522.8,"$94,494 - $98,988","$101,069 - $105,832",Tesla Autopilot / Full Self-Driving (optional),314,1020,100,11.5,14.0,10.9,NACS,Tesla OS (no native CarPlay/Android Auto),"17"" center touchscreen (reported)",Driver display + rear screen (reported),Premium audio (trim dependent),Driver profiles supported,6.5,184.1,14.8,419.1,35.2,996.0,No,39.0,99.1,https://www.kbb.com/tesla/model-x/2025/specs/ | https://www.caranddriver.com/tesla/model-x-2025,"MSRP includes assumed +$6,500 6-seat option (based on later C&D data).","https://www.tesla.com/ownersmanual/modelx/en_us/GUID-91E5877F-3CD2-4B3B-B2B8-B5DB4A6C0A05.html, https://www.reddit.com/r/teslamotors/comments/7047ed/tesla_x_questions/",Medium,Width from owner-measured Reddit post; treat as approximate. Second-row captain’s chairs do not fold flat in this configuration.
"Tesla Model X, 2025, Model X Plaid (5-seat)",Tesla Model X,2025,Model X Plaid (5-seat),Plaid,5-seat,Standard 5-seat,5.0,AWD,101630,0.0,108632.8,"$94,494 - $98,988","$101,069 - $105,832",Tesla Autopilot / Full Self-Driving (optional),314,1020,100,11.5,14.0,10.9,NACS,Tesla OS (no native CarPlay/Android Auto),"17"" center touchscreen (reported)",Driver display + rear screen (reported),Premium audio (trim dependent),Driver profiles supported,6.5,184.1,,,39.2,1110.0,Yes,39.0,99.1,https://www.kbb.com/tesla/model-x/2025/specs/ | https://www.caranddriver.com/tesla/model-x-2025,Base row; seating options available.,"https://www.tesla.com/ownersmanual/modelx/en_us/GUID-91E5877F-3CD2-4B3B-B2B8-B5DB4A6C0A05.html, https://www.reddit.com/r/teslamotors/comments/7047ed/tesla_x_questions/",Medium,Width from owner-measured Reddit post; treat as approximate. No third row in this seating configuration; cargo behind 3rd row is not applicable.
"Tesla Model X, 2025, Model X Standard (5-seat) + 7-seat interior option",Tesla Model X,2025,Model X Standard (5-seat) + 7-seat interior option,Standard,7-seat,7-seat interior option,7.0,AWD,90130.0,0.0,96442.8,"$75,000 - $85,000","$80,405 - $91,005",Tesla Autopilot / Full Self-Driving (optional),329,670,100,11.5,14.0,10.9,NACS,Tesla OS (no native CarPlay/Android Auto),"17"" center touchscreen (reported)",Driver display + rear screen (reported),Premium audio (trim dependent),Driver profiles supported,6.5,183.0,14.8,420.0,36.0,1018.0,Yes,39.0,99.1,https://www.kbb.com/tesla/model-x/2025/specs/ | https://www.caranddriver.com/tesla/model-x-2025 | https://insideevs.com/news/559341/tesla-modelx-plaid-only-6seat/,"Base row; seating options available. MSRP for 7-seat row estimated as 5-seat MSRP + $3,500 (seat-option pricing varies by time/market).","https://www.tesla.com/ownersmanual/modelx/en_us/GUID-91E5877F-3CD2-4B3B-B2B8-B5DB4A6C0A05.html, https://www.reddit.com/r/teslamotors/comments/7047ed/tesla_x_questions/",High,Width from owner-measured Reddit post; treat as approximate. No third row in this seating configuration; cargo behind 3rd row is not applicable. 7-seat cargo volumes pulled from Tesla owner manual “Dimensions” table.
"Tesla Model X, 2025, Model X Standard + 6-seat interior option",Tesla Model X,2025,Model X Standard + 6-seat interior option,Standard,6-seat,6-seat interior option,6.0,AWD,93130,0.0,99622.8,"$75,000 - $85,000","$80,405 - $91,005",Tesla Autopilot / Full Self-Driving (optional),329,670,100,11.5,14.0,10.9,NACS,Tesla OS (no native CarPlay/Android Auto),"17"" center touchscreen (reported)",Driver display + rear screen (reported),Premium audio (trim dependent),Driver profiles supported,6.5,184.1,14.8,419.1,35.2,996.0,No,39.0,99.1,https://www.kbb.com/tesla/model-x/2025/specs/ | https://www.caranddriver.com/tesla/model-x-2025,"MSRP includes assumed +$6,500 6-seat option (based on later C&D data).","https://www.tesla.com/ownersmanual/modelx/en_us/GUID-91E5877F-3CD2-4B3B-B2B8-B5DB4A6C0A05.html, https://www.reddit.com/r/teslamotors/comments/7047ed/tesla_x_questions/",Medium,Width from owner-measured Reddit post; treat as approximate. Second-row captain’s chairs do not fold flat in this configuration.
"Tesla Model X, 2025, Model X Standard (5-seat)",Tesla Model X,2025,Model X Standard (5-seat),Standard,5-seat,Standard 5-seat,5.0,AWD,86630,0.0,92732.8,"$75,000 - $85,000","$80,405 - $91,005",Tesla Autopilot / Full Self-Driving (optional),329,670,100,11.5,14.0,10.9,NACS,Tesla OS (no native CarPlay/Android Auto),"17"" center touchscreen (reported)",Driver display + rear screen (reported),Premium audio (trim dependent),Driver profiles supported,6.5,184.1,,,39.2,1110.0,Yes,39.0,99.1,https://www.kbb.com/tesla/model-x/2025/specs/ | https://www.caranddriver.com/tesla/model-x-2025,Base row; seating options available.,"https://www.tesla.com/ownersmanual/modelx/en_us/GUID-91E5877F-3CD2-4B3B-B2B8-B5DB4A6C0A05.html, https://www.reddit.com/r/teslamotors/comments/7047ed/tesla_x_questions/",Medium,Width from owner-measured Reddit post; treat as approximate. No third row in this seating configuration; cargo behind 3rd row is not applicable.
"Tesla Model X, 2024, Long Range + 7-seat interior option",Tesla Model X,2024,Long Range + 7-seat interior option,Long Range,7-seat,7-seat interior option,7.0,AWD,N/A - Not New,,-,"$63,000 - $79,000","$67,685 - $84,645",Tesla Autopilot / Full Self-Driving (optional),348,670,100,11.5,9.45,7.35,NACS,Tesla OS (no native CarPlay/Android Auto),"17"" center touchscreen (reported)",Driver display + rear screen (reported),Premium audio (trim dependent),Driver profiles supported,6.5,183.0,14.8,420.0,36.0,1018.0,Yes,39.0,99.1,https://www.cargurus.com/Cars/articles/2024-tesla-model-x-pricing-specs-release-date | https://insideevs.com/news/559341/tesla-modelx-plaid-only-6seat/,,"https://www.tesla.com/ownersmanual/modelx/en_us/GUID-91E5877F-3CD2-4B3B-B2B8-B5DB4A6C0A05.html, https://www.reddit.com/r/teslamotors/comments/7047ed/tesla_x_questions/",High,Width from owner-measured Reddit post; treat as approximate. No third row in this seating configuration; cargo behind 3rd row is not applicable. 7-seat cargo volumes pulled from Tesla owner manual “Dimensions” table.
"Tesla Model X, 2024, Long Range",Tesla Model X,2024,Long Range,Long Range,5-seat,Not separately broken out in master,5.0,AWD,N/A - Not New,,-,"$63,000 - $79,000","$67,685 - $84,645",Tesla Autopilot / Full Self-Driving (optional),348,670,100,11.5,9.45,7.35,NACS,Tesla OS (no native CarPlay/Android Auto),"17"" center touchscreen (reported)",Driver display + rear screen (reported),Premium audio (trim dependent),Driver profiles supported,6.5,184.1,,,39.2,1110.0,Yes,39.0,99.1,https://www.cargurus.com/Cars/articles/2024-tesla-model-x-pricing-specs-release-date,,"https://www.tesla.com/ownersmanual/modelx/en_us/GUID-91E5877F-3CD2-4B3B-B2B8-B5DB4A6C0A05.html, https://www.reddit.com/r/teslamotors/comments/7047ed/tesla_x_questions/",Medium,Width from owner-measured Reddit post; treat as approximate. No third row in this seating configuration; cargo behind 3rd row is not applicable.
"Tesla Model X, 2024, Plaid + 7-seat interior option",Tesla Model X,2024,Plaid + 7-seat interior option,Plaid,7-seat,7-seat interior option,7.0,AWD,N/A - Not New,,-,"$80,000 - $94,000","$85,705 - $100,545",Tesla Autopilot / Full Self-Driving (optional),333,1020,100,11.5,12.6,9.8,NACS,Tesla OS (no native CarPlay/Android Auto),"17"" center touchscreen (reported)",Driver display + rear screen (reported),Premium audio (trim dependent),Driver profiles supported,6.5,183.0,14.8,420.0,36.0,1018.0,Yes,39.0,99.1,https://www.cargurus.com/Cars/articles/2024-tesla-model-x-pricing-specs-release-date | https://insideevs.com/news/559341/tesla-modelx-plaid-only-6seat/ | https://driveteslacanada.ca/model-x/tesla-model-x-plaid-6-seat-configuration-increasing-base-price/,nan Note: Model X Plaid seating availability has changed over time; multiple sources report Plaid is/was 6-seat-only in some periods.,"https://www.tesla.com/ownersmanual/modelx/en_us/GUID-91E5877F-3CD2-4B3B-B2B8-B5DB4A6C0A05.html, https://www.reddit.com/r/teslamotors/comments/7047ed/tesla_x_questions/",High,Width from owner-measured Reddit post; treat as approximate. No third row in this seating configuration; cargo behind 3rd row is not applicable. 7-seat cargo volumes pulled from Tesla owner manual “Dimensions” table.
"Tesla Model X, 2024, Plaid",Tesla Model X,2024,Plaid,Plaid,5-seat,Not separately broken out in master,5.0,AWD,N/A - Not New,,-,"$80,000 - $94,000","$85,705 - $100,545",Tesla Autopilot / Full Self-Driving (optional),333,1020,100,11.5,12.6,9.8,NACS,Tesla OS (no native CarPlay/Android Auto),"17"" center touchscreen (reported)",Driver display + rear screen (reported),Premium audio (trim dependent),Driver profiles supported,6.5,184.1,,,39.2,1110.0,Yes,39.0,99.1,https://www.cargurus.com/Cars/articles/2024-tesla-model-x-pricing-specs-release-date,,"https://www.tesla.com/ownersmanual/modelx/en_us/GUID-91E5877F-3CD2-4B3B-B2B8-B5DB4A6C0A05.html, https://www.reddit.com/r/teslamotors/comments/7047ed/tesla_x_questions/",Medium,Width from owner-measured Reddit post; treat as approximate. No third row in this seating configuration; cargo behind 3rd row is not applicable.
"Tesla Model X, 2023, Base + 7-seat interior option",Tesla Model X,2023,Base + 7-seat interior option,Base,7-seat,7-seat interior option,7.0,AWD,N/A - Not New,,-,"$49,820 - $60,310","$53,714 - $64,834",Tesla Autopilot / Full Self-Driving (optional),348,670,100,11.5,12.6,9.8,NACS,Tesla OS (no native CarPlay/Android Auto),"17"" center touchscreen (reported)",Driver display + rear screen (reported),Premium audio (trim dependent),Driver profiles supported,6.5,183.0,14.8,420.0,36.0,1018.0,Yes,39.0,99.1,https://www.kbb.com/tesla/model-x/2023/ | https://insideevs.com/news/559341/tesla-modelx-plaid-only-6seat/,,"https://www.tesla.com/ownersmanual/modelx/en_us/GUID-91E5877F-3CD2-4B3B-B2B8-B5DB4A6C0A05.html, https://www.reddit.com/r/teslamotors/comments/7047ed/tesla_x_questions/",High,Width from owner-measured Reddit post; treat as approximate. No third row in this seating configuration; cargo behind 3rd row is not applicable. 7-seat cargo volumes pulled from Tesla owner manual “Dimensions” table.
"Tesla Model X, 2023, Base",Tesla Model X,2023,Base,Base,5-seat,Not separately broken out in master,5.0,AWD,N/A - Not New,,-,"$49,820 - $60,310","$53,714 - $64,834",Tesla Autopilot / Full Self-Driving (optional),348,670,100,11.5,12.6,9.8,NACS,Tesla OS (no native CarPlay/Android Auto),"17"" center touchscreen (reported)",Driver display + rear screen (reported),Premium audio (trim dependent),Driver profiles supported,6.5,184.1,,,39.2,1110.0,Yes,39.0,99.1,https://www.kbb.com/tesla/model-x/2023/,,"https://www.tesla.com/ownersmanual/modelx/en_us/GUID-91E5877F-3CD2-4B3B-B2B8-B5DB4A6C0A05.html, https://www.reddit.com/r/teslamotors/comments/7047ed/tesla_x_questions/",Medium,Width from owner-measured Reddit post; treat as approximate. No third row in this seating configuration; cargo behind 3rd row is not applicable.
"Tesla Model X, 2023, Plaid + 7-seat interior option",Tesla Model X,2023,Plaid + 7-seat interior option,Plaid,7-seat,7-seat interior option,7.0,AWD,N/A - Not New,,-,"$65,495 - $79,998","$70,330 - $85,703",Tesla Autopilot / Full Self-Driving (optional),333,1020,100,11.5,12.6,9.8,NACS,Tesla OS (no native CarPlay/Android Auto),"17"" center touchscreen (reported)",Driver display + rear screen (reported),Premium audio (trim dependent),Driver profiles supported,6.5,183.0,14.8,420.0,36.0,1018.0,Yes,39.0,99.1,https://www.kbb.com/tesla/model-x/2023/ | https://insideevs.com/news/559341/tesla-modelx-plaid-only-6seat/ | https://driveteslacanada.ca/model-x/tesla-model-x-plaid-6-seat-configuration-increasing-base-price/,nan Note: Model X Plaid seating availability has changed over time; multiple sources report Plaid is/was 6-seat-only in some periods.,"https://www.tesla.com/ownersmanual/modelx/en_us/GUID-91E5877F-3CD2-4B3B-B2B8-B5DB4A6C0A05.html, https://www.reddit.com/r/teslamotors/comments/7047ed/tesla_x_questions/",High,Width from owner-measured Reddit post; treat as approximate. No third row in this seating configuration; cargo behind 3rd row is not applicable. 7-seat cargo volumes pulled from Tesla owner manual “Dimensions” table.
"Tesla Model X, 2023, Plaid",Tesla Model X,2023,Plaid,Plaid,5-seat,Not separately broken out in master,5.0,AWD,N/A - Not New,,-,"$65,495 - $79,998","$70,330 - $85,703",Tesla Autopilot / Full Self-Driving (optional),333,1020,100,11.5,12.6,9.8,NACS,Tesla OS (no native CarPlay/Android Auto),"17"" center touchscreen (reported)",Driver display + rear screen (reported),Premium audio (trim dependent),Driver profiles supported,6.5,184.1,,,39.2,1110.0,Yes,39.0,99.1,https://www.kbb.com/tesla/model-x/2023/,,"https://www.tesla.com/ownersmanual/modelx/en_us/GUID-91E5877F-3CD2-4B3B-B2B8-B5DB4A6C0A05.html, https://www.reddit.com/r/teslamotors/comments/7047ed/tesla_x_questions/",Medium,Width from owner-measured Reddit post; treat as approximate. No third row in this seating configuration; cargo behind 3rd row is not applicable.
